"Garden Slaw","1 small onion, sliced and separated into rings, 1/2 medium head cabbage, chopped, 2 medium stalks celery, chopped, 1 medium carrot, shredded, 1 medium zucchini, sliced, 1/4 c. sugar, 1/4 c. vinegar, 1/4 c. vegetable oil, 1 tsp. celery seed, 1/2 tsp. salt, 1/2 tsp. dry mustard, dash of pepper","Toss vegetables., Heat remaining ingredients to a boil., Boil 1 minute while stirring., Toss liquid into vegetables, mixing well., Refrigerate 3 hours.","vinegar, sugar, pepper, stalks celery, onion, celery, head cabbage, carrot, dry mustard, vegetable oil, zucchini, salt","Savory"
"Squash Pickles","8 c. squash, thinly sliced, 2 c. onion, thinly sliced, 2 bell peppers, cut fine, 2 small cans pimento, cut fine, 1/4 c. salt, 2 c. white vinegar, 3 c. sugar, 1 Tbsp. mustard seed, 1 Tbsp. celery seed","Mix squash, onion and salt by hand and let stand 2 to 3 hours. Bring sugar, vinegar and seeds to a boil, then drain squash and onion and add peppers and pimento to them., Add to boiling vinegar., Let come to a second boil; put into jars and seal. Process., Yields 7 to 8 pints.","sugar, bell peppers, onion, white vinegar, celery, pimento, salt","Savory"
"Peanut Brittle","1 1/2 c. sugar, 1/2 c. Karo, 1/4 c. water, 2 c. peanuts, pinch of soda","Mix all ingredients except soda., Boil until a peanut tastes done when removed and cooled in a cup of water., When the peanuts are done, remove the pan from heat and add a pinch of soda., (Candy will foam up.), Stir well and spread out on a greased cookie sheet. When cool, break up into small pieces.","soda, sugar, peanuts, water","Sweet"
"Banana Berry Juice","3/4 cup apple juice, 3/4 cup Kern's strawberry nectar, 2/3 cup frozen blueberries, 1 banana, sliced, 1 scoop raspberry sherbet, 1 scoop vanilla nonfat frozen yogurt, 1 cup ice","Prepare by combing all ingredients from the juicer into a blender.","frozen blueberries, raspberry, apple juice, vanilla nonfat, banana","Sweet"
"Artichoke Dip","1 (14 oz.) can artichokes, chopped and drained, 1 c. shredded Mozzarella cheese, 1 c. Parmesan cheese, 1 c. mayonnaise, 2 Tbsp. parsley flakes, dash of garlic salt","Mix all together., Bake in quiche dish at 350\u00b0 for 30 to 35 minutes until light golden brown on top., Serve with your favorite crackers.","artichokes, mozzarella cheese, parmesan cheese, parsley flakes, mayonnaise, garlic","Savory"
"Mayonnaise Chicken","8 -12 chicken legs (drumsticks), 3/4 cup mayonnaise, 1 1/2 tablespoons curry (mild & aromatic), sufficient breadcrumbs","preheat oven to 200C/ 390F., mix curry powder with mayonnaise., the following is better done by 2 people, one for the mayonnaise, one for the crumbs., coat drumsticks in curry-mayonnaise and crumb them., as they tend to stick I prefer to put them on some kind of lattice,grill in the oven., bake for~20-30 minutes& turn., bake another~20 minutes or until golden brown.","mayonnaise, sufficient breadcrumbs, chicken, curry","Savory"
"Cocoa Candy","2 c. sugar, 1/3 c. cocoa, 1/2 c. milk, 1 stick margarine, 1/2 c. peanut butter, 1 1/2 c. raw oatmeal (3 minute kind), 1 c. nuts","Mix sugar, cocoa, milk and margarine., Cook 2 minutes., Take off stove and add peanut butter, oatmeal and nuts., Stir good and put in pan to cool.","sugar, peanut butter, nuts, cocoa, margarine, milk","Sweet"
"Blueberry And White Chocolate Cupcakes","FOR THE CUPCAKES:, 1 stick Unsalted Butter, At Room Temperature, 1 cup White Sugar, 2 Large Eggs, 2 teaspoons Vanilla Extract, 1-1/2 cup All-purpose Flour, 2 teaspoons Baking Powder, 1 pinch Salt, 1/2 cups Milk, 1/2 cups (Scant) Blueberry Jam/conserve, FOR THE FROSTING:, 6 ounces, weight White Chocolate, The Best You Can Afford, 1/2 sticks Unsalted Butter, 36 whole Fresh Blueberries, For Garnish (optional)","Preheat oven to 350 F and line a 12 hole cupcake tray with cupcake liners., Place butter and sugar into a large bowl, or the bowl of your stand mixer and beat until light and fluffy, 2-3 minutes on medium-high speed. Add in the eggs an vanilla, scraping down sides of bowl as necessary, and mix until well incorporated and smooth, about 1 minute on medium-high speed., Add in the flour, baking powder and salt and mix on low until it begins to come together. Add in the milk and then mix on low-medium speed until well incorporated and smooth., Fill each cupcake liner 3/4 full and then place in the oven for 18-22 minutes, until risen, lightly golden and a skewer inserted into the centre comes out clean. Remove from oven., Transfer immediately to a wire rack (I find if you leave the cupcakes in the pan, the liners peel away) and leave to cool., Once cool, it's time to core the cupcakes! With a cupcake corer (I use the OXO Good Grips one) push into the top of each cupcake, twisting as you go to remove the centre of the cupcake. Don't push it all the way down, you still want some cake at the bottom. If you don't have a cupcake corer, use a small knife to cut a 1 inch wide circle out of the centre. Don't throw away your cupcake cores, but cut them in half, so that you have a top to cover the filling., Once all cupcakes are cored, place the jam into a heatproof bowl and microwave for 20 seconds., Using a teaspoon, divide the jam between each cupcake, leaving a little space at the top for you to put the cupcake tops back on., Once all the cupcakes are filled and have their tops, place the white chocolate and butter into a heatproof bowl and microwave in 20 second increments, stirring in between, until melted and smooth., Leave to cool for 5 minutes, before spooning around 1 tablespoon of frosting onto each cupcake and smoothing with the back of your spoon until the cupcake is covered. Place 3 fresh blueberries on top of your melted chocolate and leave to set., Once set, cupcakes will keep in an airtight container, in the fridge for 3 days. Cupcakes are best served at room temperature.","baking powder, vanilla, milk, eggs, frosting, all-purpose, fresh blueberries, weight white chocolate, white sugar, conserve, butter, salt","Sweet"
"Wheat Germ Peanut Butter Cookies","3/4 c. butter or margarine, 1/2 c. crunchy peanut butter, 1 c. brown sugar, packed, 1 egg, 1 tsp. vanilla, 1 c. flour, 1 c. wheat germ, 3/4 c. Quick Cooking Oats, 1 tsp. soda, 1/2 tsp. salt","Beat together butter, peanut butter and sugar until light and fluffy., Beat in egg and vanilla., Combine flour, wheat germ, oats, soda and salt., Gradually mix into peanut butter mixture., Shape level tablespoons of dough into balls., Place on ungreased baking sheets and flatten with bottom of glass dipped in sugar., Bake at 350\u00b0 8-10 minutes., Makes about 4 doz.","egg, vanilla, germ, oats, brown sugar, soda, flour, butter, crunchy peanut butter, salt","Sweet"
"Warm Kale-And-Asiago Dip","5 bacon, slices (chopped), 1 lb fresh kale (stemmed and finely chopped), 1/2 medium sweet onion (chopped), 2 garlic cloves (chopped), 1/4 cup dry white wine, 1 (8 ounce) package reduced-fat cream cheese (softened), 1/2 cup mayonnaise, 4 1/2 ounces shredded asiago cheese (about 1 cup, plus 2 T), 4 1/2 ounces shredded fontina (about 1 cup, plus 2 T) or 4 1/2 ounces swiss cheese (about 1 cup, plus 2 T), 1 tablespoon red wine vinegar, 1/4 - 1/2 teaspoon dry crushed red pepper, 1/4 teaspoon fresh ground black pepper, assorted crackers (to serve) or toasted bread, slices (to serve)","Preheat oven to 350\u00b0., Cook bacon in a Dutch oven over medium-high heat, stirring often, 6 to 7 minutes or until crisp; remove bacon, and drain on paper towels, reserving 1 tablespoons drippings in Dutch oven., Saute kale, onion, and garlic in hot drippings 7 to 8 minutes or until onion is tender. Add wine, and cook, stirring constantly, 1 to 2 minutes or until particles loosen from bottom of Dutch oven., Stir together cream cheese and mayonnaise in a large bowl until smooth., Stir in Asiago cheese, next 4 ingredients, and kale mixture. Spoon into a lightly greased 1- to 1 1/2-qt. baking dish., Bake at 350\u00b0 for 25 to 30 minutes or until center is hot and cheese is melted. Let stand 5 minutes; top with bacon. Serve with crackers or toasted bread slices., Note: To make ahead prep recipe through Step 2. Cover and chill up to 24 hours. Let stand at room temp 30 minutes, then bake.","fresh kale, red wine vinegar, bacon, sweet onion, fresh ground black pepper, crackers, t, red pepper, cream cheese, mayonnaise, white wine, garlic, asiago cheese","Savory"
"Scotch Eggs(Serves 5 To 6)","1 lb. sausage meat, 4 hard-boiled eggs, fat (for frying), bread crumbs, flour, 1 egg (for coating)","Hard-boil the eggs; shell and dry them., Sprinkle with flour and cover with sausage meat., Roll in egg and breadcrumbs., Fry in deep fat until golden brown., Drain well., Cut in half and serve hot with brown gravy or tomato sauce or cold with salad.","egg, eggs, flour, sausage meat, bread crumbs","Savory"
"Quaker Chocolate Oat-Chip Cookies","2 sticks butter, softened, 1 1/4 c. brown sugar, 1/2 c. granulated sugar, 2 eggs, 2 Tbsp. milk, 2 tsp. vanilla, 1 3/4 c. all-purpose flour, 1 tsp. baking soda, 1/2 tsp. salt, 2 1/2 c. Quaker oats, 1 (12 oz.) pkg. chocolate chips","Heat oven to 375\u00b0., Beat margarine and sugars until creamy. Add eggs, milk and vanilla; beat well., Add flour, baking soda and salt; mix well., Stir in oats and chocolate chips; mix well., Drop spoonfuls onto cookie sheet and bake for 12 to 13 minutes.","sugar, vanilla, oats, brown sugar, eggs, baking soda, flour, milk, chocolate chips, butter, salt","Sweet"
"Cocktail Wafers On Tap","1 c. flour, 3/4 c. chopped pecans, 1/2 c. butter, 2 c. Cheddar cheese, grated, 1/4 tsp. minced garlic","Mix ingredients and form into a log., Chill., Slice when ready to serve., Bake in a 350\u00b0 oven 10 to 12 minutes.","cheddar cheese, pecans, flour, garlic, butter","Savory"
"Strawberry Ginger Lemonade","1 1/2 teaspoons fresh ginger, to taste, 8 ounces strawberry lemonade (pre-made or homemade, whichever you prefer)","Grate your preferred amount of ground ginger. (I used about a teaspoon and 1/2)., Put your grated ginger in a tea filter/strainer and Boil about 1/4 of a glass of water., Once your water is boiled, place tea filter/strainer with ginger in it into a mug. Pour water in so it just covers the top of the ginger., Steep for about 10 minutes. While ginger is steeping, pour about a 1/2 a glassful of (strawberry) lemonade., When the ginger is done steeping, cool the ginger mixture down to room temperature by either putting it in the freezer or refrigerator., When ginger is to room temperature, pour into the strawberry lemonade and mix. Cool to room temperature and serve!","fresh ginger, strawberry lemonade","Sweet"
"Dried Beef Cheese Ball","3 (8 oz.) pkg. cream cheese, 1 bunch green onions, chopped, 1/2 can ripe olives, chopped, 1 can mushrooms, chopped, 1 jar dried beef, chopped, 3 tsp. Accent, bacon bits","Let cream cheese soften. Mix cream cheese, green onions, olives, mushrooms, dried beef and Accent together., Chill, then form into 2 to 3 balls., Roll in bacon bits., Serve with Wheat Thin crackers.","green onions, accent, bacon bits, mushrooms, ripe olives, cream cheese, beef","Savory"
"Chocolate Donuts","1 cup FLOUR, 1/2 cup SUGAR, 1/4 cup COCOA POWDER, 1/2 teaspoon BAKING SODA, 1/4 teaspoon SALT, 1/2 teaspoon VANILLA, 1 EGG, 6 tablespoons SOUR CREAM, 1/4 cube MILK, 1/4 cup OLIVE OIL, 1 FOR GLAZE, 1 3/4 cups POWDERED SUGAR, 1/4 cup MILK, 1 teaspoon VANILLA","1. Preheat oven to 375 degrees., 2. In a medium mixing bowl, combine the flour, sugar, cocoa powder, chocolate chips, and baking soda., 3. In a small bowl, beat together the vanilla, egg, sour cream, milk, and oil., 4. Stir the wet ingredients into the dry until just combined., 5. Spoon in a greased donut pan., 6. Bake for 8 minutes or until the tops spring back when you touch them., 7. Let the donuts cool in the pan before glazing., 8. Whisk together the powdered sugar, milk, and vanilla until smooth., 9. Dunk the donuts in the glaze to fully coat and place on a wire rack to set, about 5 minutes.","sour cream, egg, sugar, vanilla, baking soda, powdered sugar, flour, olive oil, milk, cocoa powder, salt","Sweet"
"Caramelized Pears With Sugared Tortillas","2 tbsp unsalted butter, 2 None pears, cored, thinly sliced, 1/2 cup granulated sugar, 2 None tortilla wraps, cut into quarters, 1 tbsp vegetable oil, 3/4 cup whipped cream, to serve","In a large nonstick frying pan, melt butter over medium-high heat, until foamy. Add pears and cook, turning occasionally, for 4-5 mins, until tender. Add 1/3 cup water and 1/4 cup sugar. Cook, turning occasionally, for 7-8 mins, until caramelized and golden brown. Remove from heat and set aside., Meanwhile, brush tortilla wedges with oil then coat in remaining sugar. Heat a medium nonstick frying pan over high heat. Cook tortillas for 1-2 mins per side, until golden brown., Place 1 tortilla wedge on each serving plate. Top with a little caramelized pear and syrup then a dollop of whipped cream. Top with remaining tortilla wedges, pears and syrup, reserving a little syrup. Top with more whipped cream and drizzle with reserved syrup. Serve immediately.","tortilla wraps, granulated sugar, vegetable oil, whipped cream, butter","Sweet"
"Lime Salad","1 small pkg. lime jello, 16 large marshmallows or 2 c. miniature marshmallows, 1/2 c. pecans, 1/2 c. cold water, 1 (8 oz.) pkg. cream cheese, softened, 1 c. crushed pineapple, drained (reserve juice)","Melt marshmallows in reserved pineapple juice over low heat. Add cream cheese to it., Melt as well as you can (will be lumpy). Prepare jello according to package instructions, but use 1/2 cup cold water instead of 1 cup water., Combine pineapple, jello and nuts., Place in mold or pan., Chill.","marshmallows, pecans, cream cheese, cold water, lime jello, pineapple","Sweet"
"Coconut Mounds Bar","1 Mounds candy bar, 1/3 c. butter, 1 c. sugar, 2 eggs, 3/4 c. flour, 1/2 tsp. baking powder, 1/2 tsp. salt, 1/2 c. nuts","Cut candy bar in small pieces., Cream butter and sugar., Then add eggs, flour, baking powder and salt., Beat well, then add candy and nuts., Bake in coffeecake pan (well-greased) at 350\u00b0 for 1/2 hour.","sugar, baking powder, eggs, flour, nuts, bar, butter, salt","Sweet"
"Yackety-Yack Chocolate Cookies","1/2 c. all-purpose flour, 1/4 tsp. baking soda, pinch of salt, 1/4 c. (1/2 stick) butter, 1/4 c. firmly packed light brown sugar, 2 Tbsp. granulated sugar, 1 egg yolk, 1/2 tsp. vanilla, 1 c. coarsely chopped pecans, 1 (6 oz.) pkg. semi-sweet chocolate pieces, 1/4 c. golden raisins","Preheat oven to 350\u00b0., Stir together flour, baking soda and salt on piece of waxed paper to mix well., Beat together butter, brown sugar and granulated sugar in bowl until light and fluffy. Beat in egg yolk and vanilla., Add flour mixture; beat to combine., Stir in pecans, chocolate and raisins.","golden raisins, sugar, vanilla, egg yolk, baking soda, brown sugar, semi-sweet chocolate pieces, pecans, all-purpose, butter, salt","Sweet"
"Tomato Carrot  Basil Bisque","1 (28 ounce) can crushed tomatoes, 1 (11 1/2 ounce) can tomato cocktail juice, 1 (8 ounce) bag baby carrots, chopped, 1 (14 1/2 ounce) can chicken broth, 20 fresh basil leaves, cut into thin strips, 1 cup fat-free half-and-half, 1/4 cup low fat margarine, 1 pint grape tomatoes, 1 teaspoon brown sugar, salt, pepper, garlic powder to taste","In a large saucepan, combine the crushed tomatoes, grape tomatoes, vegetable juice, carrots, brown sugar, and chicken broth., Bring to a boil then simmer for 30 minutes (or longer if carrots are not tender)., Remove from heat, and stir in the basil. At this point, you may puree the soup if you wish. (I always puree.), Add the cream and low fat margarine or butter; return to medium-low heat, and stir until butter is melted., Add salt, pepper, and garlic powder to taste., Serve immediately.","grape tomatoes, baby carrots, tomatoes, brown sugar, tomato cocktail juice, basil, chicken broth, margarine, salt","Savory"
"Persimmon And Pomegranate Salad","1/2 cup pecan halves, 3/4 cup orange juice, divided, 2 teaspoons cornstarch, 1 1/2 tablespoons honey, 1/4 cup extra-virgin olive oil, 1/2 lime, juiced, 7 fresh tarragon leaves, thinly sliced crosswise, or more to taste, salt and ground black pepper to taste, 1 (8 ounce) package herb salad mix, 2 Fuyu persimmons, peeled and each cut into 8 pieces, 1 large pomegranate, peeled and seeds separated","Preheat oven to 375 degrees F (190 degrees C)., Spread pecans onto a baking sheet., Bake pecans in the preheated oven until toasted and fragrant, 5 to 7 minutes. Set aside to cool., Whisk 1/2 cup orange juice and cornstarch together in a small saucepan; cook and stir over medium heat until mixture thickens, 3 to 5 minutes. Remove saucepan from heat and stir in honey until dissolved. Stir remaining 1/4 cup orange juice, olive oil, lime juice, tarragon leaves, salt, and pepper into orange juice mixture. Chill dressing in refrigerator, at least 30 minutes., Spread herb salad mix into a serving bowl or on individual plates; top with persimmon slices, pomegranate seeds, and pecans. Drizzle cooled dressing over salad.","extra-virgin olive oil, persimmons, pomegranate, herb salad mix, pecan halves, cornstarch, orange juice, tarragon, lime, honey, salt","Sweet"
"Secretly Healthy Low Carb Gingerbread Cookies","3 Tablespoons Dairy Free Butter, 1 Tablespoon Coconut Sugar, Sieved, 1 Tablespoon Honey, 1 whole Egg, 70 grams Ground Almonds, 30 grams Coconut Flour, 1/4 teaspoons Bicarbonate Of Soda, 1/2 teaspoons Baking Powder, 1 Tablespoon Cornflour, 1/4 teaspoons Nutmeg, 1/4 teaspoons Ground Cloves, 1 teaspoon Ground Ginger, 1 teaspoon Ground Cinnamon, 1/4 teaspoons Salt","In a large bowl, beat butter and sugar until fluffy. Add honey and egg and continue beating until combined., In a separate bowl, sieve ground almonds, coconut flour, bicarbonate of soda, baking powder, cornflour, nutmeg, ground cloves, ground gnger, ground cinnamon and salt., Add the dry ingredients to the wet ingredients little by little, beating until dough-like. You may need to use a spatula towards the end (the dough will be sticky)., Form the dough into a large ball, cover with cling film and place in the fridge for about 1 hour., Preheat oven to 180\u00b0C (355\u00b0F). You will need 2 baking trays the same size and two pieces of baking parchment cut to fit inside the baking trays. Line one of the baking trays with baking parchment and set aside., Remove gingerbread from the fridge and scoop 1 tablespoon of the gingerbread dough. Roll into a ball in your hands and place on the prepared baking tray. Repeat until all the dough is gone, make sure they are evenly spaced apart on the baking tray., Place the other piece of baking parchment over the top of the gingerbread dough balls and squash down with the other baking tray to be between 0.5cm and 1 cm thick., Remove the baking tray and parchment and bake in the oven for about 10 minutes or until starting to brown. Remove from the oven and let cool before transferring to an airtight box. Store in a cool dark place for about 5 days.","egg, baking powder, butter, coconut flour, cornflour, \u00bc, ground ginger, coconut sugar, ground cinnamon, honey","Sweet"
"No Bake Orange Balls","1 box vanilla wafers, crushed, 1 lb. powdered sugar, 1 small can frozen orange juice, undiluted, 2 c. crushed walnuts, white Karo","Mix crushed wafers, powdered sugar, orange juice and 1 cup crushed walnuts in a large bowl., Use enough Karo to hold the mixture together., Chill.","powdered sugar, vanilla wafers, white karo, walnuts, orange juice","Sweet"
"Almond Butter Crunch Wheels","1 c. slivered almonds, 1/2 c. butter, 1/2 c. sugar, 1 Tbsp. light corn syrup","Line bottom and sides of an 8 or 9-inch cake pan with aluminum foil (not plastic wrap or wax paper)., Butter foil heavily., Set aside., Combine almonds, butter, sugar and corn syrup in 10-inch skillet., Bring to a boil over medium heat, stirring constantly. Boil, stirring constantly, until mixture turns golden brown, about 5 or 6 minutes., Working quickly, spread candy in prepared pan. Cool about 15 minutes or until firm., Remove candy from pan by lifting edges of foil., Peel off foil., Cool thoroughly., Candy may be presented as a gift wrapped disk or broken into pieces and placed in decorative jar or container., Makes about 3/4 pound.","light corn syrup, almonds, sugar, butter","Sweet"
"Peanut Chocolate Squares","1 cup butter, divided, 6 ounces semisweet chocolate, divided, 1-1/2 cups graham cracker crumbs, 1/2 cup unsalted dry roasted peanuts, chopped, 2 packages (8 ounces each) cream cheese, softened, 1 cup sugar, 1 teaspoon vanilla extract","In a small microwave-safe bowl, melt 3/4 cup butter and two ounces of chocolate; stir until smooth. Stir in cracker crumbs and peanuts., Press into a greased 13-in. x 9-in. pan. Cover and refrigerate for 30 minutes or until set., In a small bowl, beat the cream cheese, sugar and vanilla until fluffy. Spread over chocolate layer., Melt the remaining butter and chocolate; stir until smooth. Carefully spread over cream cheese layer. Cover and refrigerate until set. Cut into squares.","sugar, vanilla, graham cracker crumbs, chocolate, cream cheese, butter, peanuts","Sweet"
"Apple, Chocolate Chip & Cinnamon Muffins","2 1/4 cups self-raising flour, 1 1/3 cups caster sugar, 2 teaspoons baking powder, 1 teaspoon baking soda, 1 teaspoon cinnamon, 6 1/3 tablespoons unsalted butter melted, 2 large eggs, 5/8 cup milk, 3 1/2 ounces plain chocolate roughly chopped, 2 apples roughly chopped","For full directions visit Your Sunny Side Up, http://www.yoursunnysideup.com/2013/10/recipe-apple-chocolate-and-cinnamon-muffins/","baking powder, baking soda, cinnamon, eggs, chocolate, flour, caster sugar, apples, milk, butter","Sweet"
"Rice And Bean Stuffed Peppers","1/2 c. frozen whole kernel corn, 1/4 c. chopped onion, 1 Tbsp. water, 1/2 c. herbed tomato sauce, 1/3 c. quick cooking rice (uncooked), 1/4 tsp. sugar, 1/8 tsp. pepper, 1 (8 oz.) can kidney beans, 1 bell pepper (large), 2 Tbsp. Mozzarella cheese","In a large microwave casserole dish, combine corn, onion and water., Microwave, covered, on High power for 2 minutes., Stir in tomato sauce, uncooked rice, sugar and black pepper., Microwave, covered, on High for 2 to 3 minutes, or until bubbly, stirring after 1 minute., Stir in beans, drained., Cover., Set aside., Cut pepper in half lengthwise., Remove seeds and membranes., Place pepper halves, cut side down, on microwave plate., Cover with plastic wrap; open vent hole for steam., Microwave on High for about 3 minutes or until nearly tender., Drain., Turn pepper halves, cut side up., Mound rice mix into shells., Microwave, covered, on High for 2 minutes., Rotate dish 1/2 turn after first minute., Sprinkle with shredded Mozzarella cheese after 2 minutes. Microwave another 30 seconds.","kidney beans, sugar, pepper, cooking rice, kernel corn, bell pepper, mozzarella cheese, onion, water, tomato sauce","Savory"
"Shrimp Spread","1 stock butter, 1 8 oz cream cheese, 3 slices onion (up to 1/2 onion), Dash garlic salt, 1 smll can shripm","Cream butter, cream cheese, onion and salt until fluffy, , Add shrimp and blend, , Serve with crackers","garlic salt, onion, cream cheese, butter, shripm","Savory"
"Chicken And Dumplings (Cracker Barrel)","1 whole chickn breast, boneless and skinless, 4cups water, 2 tsp. salt, 1/2 tsp. peppe (I added much more), 1 stalk celery, chopped, 1 small package (tiny) carrots, chopped, 1 small onion, chopped, Dumplings:, 1 egg, beaten, 2/3 cup milk, 1 3/4 cups sifted flour, 1/2 tsp. salt, 1 tsp. baking powder","Add all ingredients together in a large heavy skillet with good lid or Dutch oven. Cook for an hour or longer. Then remove chicken from pan and cut into bite size pieces. Or shred. Put back into broth and let simmer for a while. When ready mix dumpling ingredients. Pull small pieces of dough and put onto boiling broth. Heat through for at least 15 minutes or just let simmer slowly until ready to eat.","egg, baking powder, milk, peppe, onion, water, celery, flour, carrots, chickn breast, salt","Savory"
"Potato Wedges","2 medium potatoes, each cut into 8 wedges, vegetable oil, seasoned salt, 3/4 c. sour cream, 1/3 c. shredded Cheddar cheese","Place potato wedges, cut side down, on rack in broiler pan. Brush with oil; sprinkle with seasoned salt., Set oven control to broil or 550\u00b0., Broil with tops about 3 inches from heat until brown, about 5 minutes., Turn; brush with oil., Sprinkle with seasoned salt., Broil until tender, about 5 minutes.","potatoes, sour cream, cheddar cheese, vegetable oil, salt","Savory"
"Crunchy Cole Slaw","1 c. vegetable oil, 1/2 c. sugar, 1/3 c. vinegar, 2 pkg. dry seasoning mix from beef Ramen noodles, 1 lb. cole slaw mix (in cello bag), 2 pkg. Ramen noodles (not cooked), broken into small pieces, 1 c. sunflower seeds, 1 c. slivered almonds, toasted, 1 bunch green onions, sliced","Toss together the prepared dressing and all ingredients right before serving.","vinegar, sugar, slivered almonds, ramen noodles, green onions, cole slaw, sunflower seeds, vegetable oil","Savory"
"Peanutty Pear Slaw","shredded cabbage, 1 (8 oz.) can pear halves, drained and diced, 3 Tbsp. salted peanuts, 1/4 tsp. celery salt, 2 Tbsp. vinegar, 1/3 c. sour cream","Combine, first\t5, ingredients in medium bowl.\tStir in sour cream., Mix, well.\tCover and chill for 1 hour., Serves 3 to 4.","cabbage, celery salt, sour cream, vinegar, pear halves, peanuts","Sweet"
"Carrot Salad","2 pkg. sliced carrots, cooked, 1 medium onion, chopped, 1 medium green pepper, chopped fine, 1 can tomato soup, 1/2 c. salad oil, 1 c. sugar, 3/4 c. vinegar, 1 tsp. prepared mustard, 1 Tbsp. Worcestershire sauce, salt and pepper","Boil together tomato soup, salad oil, sugar, vinegar, mustard, Worcestershire sauce, salt and pepper for 15 minutes and cool. Mix with carrots, onion and pepper., Set overnight.","vinegar, sugar, salad oil, onion, tomato soup, worcestershire sauce, carrots, mustard, green pepper, salt","Savory"
"Pasta Salad","Bermuda onion, tomato, green pepper, olives, cheese, 2 boxes pasta, 1 large bottle Zesty Italian dressing","Mix dressing with onion, tomato, green pepper, olives and cheese. Cook pasta and add. Let set in refrigerator overnight.","tomato, italian dressing, pasta, cheese, olives, bermuda onion, green pepper","Savory"
"Moclava (Easy Baklava)","4 cups Honey Nut Cheerios, crushed, 1/4 cup butter, melted, 1 (14 ounce) can sweetened condensed milk, 3/4 cup pecans, chopped, 1/4 cup honey (optional)","Preheat oven to 350. Line a 8x8 baking pan with foil. Spray foil with non-stick spray generously., Crush up your 4 cups of honey nut cheerios. Add melted butter and mix to coat. Press into baking pan. Pour sweetened condensed milk evenly over mixture. Top with nuts. Bake for 25 minutes., Drizzle honey on top, if desired (this is optional). Let sit for at least an hour. Pull out of baking pan by gripping foil. Cut into squares. Enjoy!","condensed milk, honey, pecans, honey nut, butter","Sweet"
"Bean Dip","1 or 2 bags nacho chips, 1 (16 oz.) carton sour cream, 16 oz. shredded Cheddar cheese, 1/2 head lettuce, thin sliced, 2 medium tomatoes, diced, 1 (16 oz.) can refried beans","Heat beans for 5 minutes, or until warm., Spread refried beans in a 13 x 9-inch cake pan., Add sour cream until beans are covered., Layer with lettuce, then tomatoes., Top with Cheddar cheese.","head lettuce, sour cream, tomatoes, cheddar cheese, nacho chips, beans","Savory"
"Mushroom Sliders With Pickled Fennel And Harissa Crème Fraîche","None None FOR THE PICKLED FENNEL, 1 baby bulb fennel, trimmed, thinly sliced, 1 clove garlic, minced, 1/3 cup white balsamic vinegar, 2 tsp sugar, 1 tbsp fresh thyme leaves, None None FOR THE MUSHROOMS, 2 tbsp olive oil, 8 (3 inch) portobello mushrooms, 4 oz aged Cheddar cheese, thinly sliced, None None FOR THE HARISSA CREME FRAICHE, 2 tsp harissa paste, 1/2 cup creme fraiche, 2 tsp lemon juice, 8 None slider buns, to serve, 1.5 oz wild arugula, to serve, 3 tbsp fresh flat-leaf parsley leaves, to serve","To make the pickled fennel, combine fennel, garlic, vinegar, sugar and thyme leaves in a medium bowl. Set aside for 30 mins. Before serving, drain fennel and discard liquid., Divide oil between 2 large nonstick frying pans. Place over a medium heat. Divide mushrooms between pans and cook, covered, for 5 mins per side, or until golden and tender. For the last 2 mins of cooking, top mushrooms with Cheddar., Meanwhile, to make the harissa creme fraiche, combine harissa, creme fraiche and lemon juice in a small bowl. Season to taste., Spread harissa creme fraiche over slider buns. Sandwich with mushrooms, pickled fennel, arugula and parsley to serve.","wild arugula, cr\u00e8me, sugar, cr\u00e8me fra\u00eeche, lemon juice, paste, white balsamic vinegar, cheddar cheese, mushrooms, portobello mushrooms, thyme, clove garlic, parsley, buns, olive oil, baby bulb fennel","Savory"
"Walnut-Crusted Ginger Salmon","1 tablespoon brown sugar, 1 tablespoon reduced-sodium soy sauce, 1 tablespoon Dijon mustard, 1 teaspoon ground ginger, 1/4 teaspoon salt, 4 salmon fillets (6 ounces each), 1/3 cup chopped walnuts","Preheat oven to 425\u00b0. In a small bowl, mix brown sugar, soy sauce, mustard, ginger and salt until blended. Brush over fillets; sprinkle with walnuts., Transfer to a foil-lined 15x10x1-in. baking pan coated with cooking spray. Bake 12-15 minutes or until fish just begins to flake easily with a fork.","soy sauce, brown sugar, salmon, walnuts, ground ginger, mustard, salt","Savory"
"Chewy Chocolate Cookies","1 (12 oz.) pkg. chocolate chips, 1 stick butter, 1 (14 oz.) can sweetened condensed milk, 1 tsp. vanilla, 1 c. flour, 1/2 c. finely chopped pecans (optional)","Melt the chocolate chips and butter in double boiler. Add condensed milk and vanilla., Put flour in a large mixing bowl and gradually pour in hot chocolate mixture while beaters are running. Add pecans and stir well. Set aside for 10 minutes. Drop by teaspoonfuls onto greased cookie sheet. Bake at 350\u00b0 for 9 minutes.","condensed milk, vanilla, pecans, flour, chocolate chips, butter","Sweet"
"Quick Cinnamon Rolls","1/2 c. sugar, 2 tsp. cinnamon, 1/2 stick margarine, 2 pkg. biscuits","Melt margarine in a small square cake pan in the oven., Dip biscuits in melted butter., Mix cinnamon and sugar together in a bowl., Dip buttered biscuits in cinnamon and sugar mixture, then place biscuits back into buttered square pan., Bake for 25 minutes at 350\u00b0.","biscuits, margarine, cinnamon, sugar","Sweet"
"Cream Puffs And Vanilla Pastry Cream","1/2 c. butter, 1 c. water, 1/4 tsp. salt, 1 c. flour, 1 tsp. baking powder, 4 eggs, 3/4 c. sugar, 1/4 c. flour, 1/4 tsp. baking powder, 1 1/2 c. milk, 6 egg yolks, 1 1/2 tsp. vanilla","Heat until boiling:, butter, water and salt., Remove from heat and add flour and baking powder., Stir vigorously until dough forms a ball., Add 4 eggs, one at a time, blending completely each time., Cool overnight in fridge., Bring to room temperature before baking., Make 12 round mounds on baking sheet., Bake at 375\u00b0 for around 45 minutes., Remove and cut slit on side of each cream puff; bake for 10 more minutes., Turn off oven and let sit 10 more minutes., Cool and fill with cream., Drizzle with chocolate.","egg yolks, baking powder, sugar, vanilla, eggs, water, flour, milk, butter, salt","Sweet"
"Scrambled Eggs With Truffle","12 large eggs, 3/4 teaspoon salt, 6 tablespoons extra virgin olive oil, 1 ounce white truffle, brushed clean","Beat the eggs and salt very well in a large bowl., Pour the olive oil into the skillet; swirl it to coat the bottom and sides; set on a stove burner, heat off., Pour and scrape all the eggs into the skillet; turn the heat on high; wait a few seconds, just until the heat starts to permeate the pan and reach the eggs., Gently slide the spatula from the side of the pan into the center, dragging the first coagulated eggs with it; repeat the motion, drawing in eggs from another spot., Steadily move around the pan, constantly pulling in cooked eggs with the spatula blade, as uncooked eggs flow into the cleared space., As you drag them, the eggs will form long rippling sheets; don't break them up, but keep gathering them gently, into a soft mass of ruffles., Decrease heat if the eggs sizzle-don't let them brown., As soon as the sides stay clear and no loose egg is flowing, turn off the heat; if there is a lot of wet, uncooked egg caught in the ruffles, more than you like, tumble the mass over gently to cook them but don't break them up (or leave the eggs wet and soft)., Quickly divide the eggs in equal portions on warm plates, and immediately shave paper-thin flakes of truffle, a dozen or so, on top of each one., Serve right away, as the heat releases the aroma of truffle.","white truffle, eggs, extra virgin olive oil, salt","Savory"
"Auntie'S Delicious Soft Pretzels, Amish Recipe","1 1/4 cups water (approx 105 degrees), 1 tablespoon yeast, 1/4 cup brown sugar, 2 cups occident flour (bread flour), 2 cups flour, Dipping solution, 1/2 cup baking soda, into, 3 cups hot water, sweet creamy butter, for 'dipping' face of pretzels after baking (melt butter, then let set a few minutes, and use paper towel to remove cream which will float to the)","Dissolve yeast into warm water., Add sugar, then flour& mix well- do not 'knead' as this toughens the dough., (Mix just until combined well) Let rise until doubled, at least 20 minutes., Cut into long 'ropes'., Shape into pretzel shapes, then dip into prepared dipping solution., Place on well-greased cookie sheet and sprinkle with pretzel salt., Bake at 500-550\u00b0F for 4-6 minutes until golden brown., Dip face of pretzel into melted butter., Variation: add 1 t vanilla to the dough., Flavor variations., Cinnamon/sugar- omit salt& dip into cinnamon sugar after face has been coated with butter., Sour cream& onion- after dipping face of pretzel in butter, sprinkle with sour cream& onion powder Garlic- same as sour cream& onion, but use garlic powder., Sesame or poppy seed--BEFORE baking, AFTER dipping into dipping solution, dip pretzel face-down into the seeds, then bake., Salt is optional with this one.","sweet creamy butter, dipping solution, brown sugar, baking soda, water, flour, yeast","Savory"
"Baked Apple Pecan Oatmeal","3 cups Rolled Oats, 1 cup Brown Sugar, 2 teaspoons Ground Cinnamon, 2 teaspoons Baking Powder, 1/2 teaspoons Salt, 1 cup Milk, 2 whole Eggs, 1/4 cups Butter, Melted, 1/2 cups Applesauce, 2 teaspoons Vanilla, 1 cup Apples, Peeled And Chopped, 1/2 cups Chopped Pecans","1. Preheat oven to 350 degrees F., 2. Combine dry ingredients in large bowl., 3. Add milk, eggs, butter, applesauce and vanilla and stir until mixed., 4. Stir in pecans and chopped apples., 5. Spread into a 9X13 pan., 6. Bake for 40 minutes.","baking powder, vanilla, brown sugar, eggs, \u00bc, pecans, applesauce, apples, milk, rolled oats, ground cinnamon, salt","Sweet"
"Baked Beans With Bacon And Hot Dogs","5 slices uncooked thick bacon, diced (can use more), 1 large onion, chopped, 2 tablespoons fresh minced garlic, 2 (28 ounce) cans baked beans, 3 tablespoons molasses, 2 tablespoons prepared yellow mustard, 1 tablespoon mustard powder, 1/2 teaspoon seasoning salt, 1/2 cup canned diced tomato (do not use the juice), 1/2 - 3/4 cup brown sugar, 4 large hot dogs, chopped (preferably a good brand of beef hot dogs)","Set oven to 350 degrees F., Grease a 2-quart casserole dish.In a large bowl., In a skillet cook the bacon with onions until evenly browned., Add in garlic and cook stirring for 2 minutes; drain and place into a large bowl., Add in the 2 cans baked beans, molasses, prepared yellow mustard, dry mustard powder, seasoned salt, tomatoes and brown sugar (start with 1/2 cup and add in more to taste) mix well to combine., Mix in the hot dogs., Transfer to prepared casserole dish., Bake uncovered for 1 hour and 15 minutes or until thickened and bubbly.","tomato, bacon, yellow mustard, hot dogs, brown sugar, molasses, onion, mustard powder, beans, seasoning salt, garlic","Savory"
"Cheese Twist Bread","1 pkg. yeast, 1 Tbsp. plus 1/2 tsp. sugar, 3/4 c. milk, 1 whole egg plus 1 egg yolk, 1 1/2 c. shredded Cheddar cheese, 1/4 c. warm water, 3 Tbsp. butter, 1 1/2 tsp. salt, 3 1/2 c. flour","Dissolve yeast in water with 1/2 teaspoon sugar, in a small bowl., Heat butter and milk until lukewarm., Place in a large bowl with remaining sugar and salt., Mix egg in the dissolved yeast. Beat in 2 cups of flour and gradually beat in enough flour until a soft dough forms., Knead soft dough until smooth and elastic. Cover and let rise in greased bowl until double its size., This will take approximately 1 1/2 hours., Punch down and roll into rectangle about 1/2 inch thick., Sprinkle cheese into and roll tightly like a jelly roll., Pinch seams and twist and place on greased sheet pan., Let rise for 30 minutes and bake at 375\u00b0 to 400\u00b0 for about 40 minutes.","egg, sugar, warm water, cheddar cheese, flour, yeast, milk, butter, salt","Savory"
"Fruit Salad","1 can mandarin oranges, 1 can pineapple chunks, 1/2 small pkg. miniature marshmallows, 1 small pkg. flaked coconut, sour cream","Drain fruit., Mix first four ingredients together., Add enough sour cream to hold together., Let sit overnight, then serve.","sour cream, marshmallows, flaked coconut, mandarin oranges, pineapple","Sweet"
"Twice Baked Potatoes","baking potatoes (amount desired), shredded Cheddar cheese (amount desired), green onion, chopped (amount desired), sour cream (amount desired), butter (amount desired), milk (optional), salt and pepper to taste, paprika","Bake potatoes and cut in half., Using a spoon, scoop out potato into mixing bowl., Add other ingredients except milk and paprika., If mixture is too thick, you may thin it with some milk. Make sure your mixture is not too thin., Mix well., Put mixture back into potato hulls., Top with paprika and bake at 350\u00b0 until bubbling hot., Very tasty.","sour cream, cheddar cheese, green onion, milk, paprika, butter, baking potatoes, salt","Savory"
"Cream Cheese Treats","2 (8 oz.) pkg. cream cheese, softened, 1 c. sugar, 2 eggs, 1 tsp. vanilla extract, vanilla wafers, fruit pie filling","Beat cream cheese on medium speed until light and fluffy. Gradually add sugar, mixing well., Add eggs, one at a time, mixing well., Add vanilla., Place a vanilla wafer in miniature baking cups., Spoon in mixture to approximately 3/4 full., Bake at 350\u00b0 for 20 minutes. Chill overnight., Add fruit topping.","sugar, vanilla extract, fruit pie filling, eggs, vanilla wafers, cream cheese","Savory"
"Asiago Cheese And Rosemary Bagels","1 Tablespoon Canola Or Vegetable Oil, Cornmeal, Just Enough To Lightly Dust Your Cookie Tray, 4 cups Bread Flour, 1 package Quick-Rise Yeast, 7 Gram Package, 1-1/2 teaspoon Salt, 1 Tablespoon Brown Sugar, 1-1/2 cup Warm Water, 2 Tablespoons Fresh Chopped Rosemary, 6 ounces, weight Grated Asiago Cheese, 2 Tablespoons Brown Sugar, 1 Tablespoon Granulated Sugar","Coat a large mixing bowl with the canola or vegetable oil. Line a cookie tray with parchment paper and dust lightly with cornmeal. Set aside., In the bowl of a stand mixer fitted with a dough hook, place the flour, yeast, salt and brown sugar and mix on low speed to combine the ingredients. Add the warm water and the rosemary to the bowl and mix on low for about 10 minutes., Take the dough from the mixing bowl and roughly knead into a ball shape. Place the ball into the bowl which was coated with oil. Cover with plastic wrap and let it sit in a warm place for 1 hour., After the dough has risen, take it from the bowl and gently punch it down to get rid of most of the air. Divide the dough into 8 pieces each weighing about 3.5 ounces. Roll each piece into a ball and place them on the cookie tray. Cover the tray with a clean towel and let it sit for another 20-25 minutes., Fill a large pot with water. Bring the water to a boil and add the brown sugar and granulated sugar. Preheat the oven to 425 F., Take the towel off of the tray of dough and gently poke a hole in each dough ball with your thumb, making sure to keep the bagel nice and round with an even hole. Place back on the tray., When they all have holes poked in them and your water is boiling, place 3-4 bagels into the water and boil for 2 minutes. Turn each bagel over and boil for another 1 minute. Scoop the bagels out using a slotted spoon or kitchen spider and place them back on the cookie tray, right side up. Repeat the boiling process with the rest of the bagels., When all of the bagels have been boiled, place some grated cheese on the top., Place the tray into the oven and bake for 25 minutes or until each bagel is a nice golden brown color., Adapted from Mel's Kitchen Cafe.","bread flour, sugar, canola or, brown sugar, water, cheese, yeast, cornmeal, fresh chopped rosemary, salt","Savory"
"Tuna Croquettes With Hash Brown Patties","1 (7 oz.) can tuna, drained, 1 egg, 1/2 c. bread crumbs, 2 Tbsp. milk, 1 Tbsp. onion, grated, 1 tsp. lemon juice, salt and pepper to taste, 4 frozen hash brown potato patties","Combine all ingredients and mix well., Divide evenly into 4 well-greased custard cups., Place cups on rack and add the frozen hash brown potato patties., Spread with margarine., Bake at 375\u00b0 until well browned.","egg, lemon juice, tuna, onion, frozen hash brown potato patties, milk, bread crumbs, salt","Savory"
"Banana Bread","1/2 c. butter, softened, 1 c. sugar, 2 eggs, 1 tsp. vanilla, 1 1/2 c. all purpose flour, 1 tsp. baking soda, 1 tsp. salt, 1 c. mashed banana, 1/2 c. sour cream","Mix butter and sugar until creamy, add eggs one at a time. Add vanilla, flour, baking soda and salt. Mix until incorporated, but careful not to over-mix. Stir in mashed banana and sour cream. Pour into greased bread pan and bake in preheated 350\u00b0 oven for 50 to 55 minutes, or until toothpick in the center of the loaf comes out clean.","sour cream, sugar, vanilla, eggs, baking soda, flour, banana, butter, salt","Sweet"
"Boston Cream Pie Cookies","6 tablespoons sugar, 3 tablespoons cornstarch, 1/4 teaspoon salt, 1 cup 2% milk, 6 tablespoons heavy whipping cream, 1 large egg yolk, beaten, room temperature, 2 teaspoons vanilla extract, 9 tablespoons butter, softened, 1 cup sugar, 2 large egg yolks, room temperature, 1 large egg, room temperature, 2 teaspoons vanilla extract, 1/2 teaspoon grated lemon zest, 1 cup plus 2 tablespoons cake flour, 1 cup all-purpose flour, 3/4 teaspoon baking soda, 1/2 teaspoon salt, 1/2 cup plus 2 tablespoons buttermilk, 2 ounces unsweetened chocolate, chopped, 4 teaspoons butter, 1/2 cup whipping cream, 1 cup confectioners' sugar","In a small heavy saucepan, combine the sugar, cornstarch and salt. Stir in milk and cream until smooth. Cook and stir over medium-high heat until thickened and bubbly. Reduce heat to low; cook and stir 2 minutes longer., Remove from the heat. Stir a small amount of hot mixture into egg yolk; return all to the pan, stirring constantly. Bring to a gentle boil; cook and stir 2 minutes longer. Remove from the heat. Stir in vanilla. Cool for 15 minutes, stirring occasionally. Transfer to a small bowl. Press waxed paper onto surface of custard. Refrigerate for 2-3 hours., In a large bowl, cream butter and sugar until light and fluffy. Beat in the egg yolks, egg, vanilla and lemon zest. Combine the cake flour, all-purpose flour, baking soda and salt; gradually add to creamed mixture alternately with buttermilk and mix well., Drop by rounded teaspoonfuls 2 in. apart onto greased, . Bake at 400\u00b0 for 5-7 minutes or until firm to the touch. Remove to wire racks to cool completely., Spread custard over the bottoms of half of the cookies; top with remaining cookies., For glaze, place chocolate and butter in a small bowl. In a small saucepan, bring cream just to a boil. Pour over chocolate and butter; whisk until smooth. Stir in confectioners' sugar. Spread over cookies; let dry completely. Store in the refrigerator.","egg yolks, cake flour, buttermilk, egg, sugar, vanilla, egg yolk, whipping cream, baking soda, lemon zest, chocolate, heavy whipping cream, cornstarch, flour, milk, butter, salt","Sweet"
"Potato Pancakes","2 c. grated potatoes, 1 egg, 1/2 c. milk, 1 c. flour, 2 tsp. salt, 3 tsp. baking powder","Mix egg, milk, flour, salt and baking powder together., Don't overmix batter; may be lumpy., Grate 5 or 6 medium peeled potatoes into batter., Cook on lightly greased hot griddle.","potatoes, egg, baking powder, flour, milk, salt","Savory"
"Peanut Butter Fudge(No Cooking)","2 c. powdered sugar, 2 c. peanut butter, 1 tsp. vanilla, 1 tsp. butter, small amount of milk","Mix all ingredients together., Put in buttered plate until set good., Cut into squares.","vanilla, powdered sugar, peanut butter, amount of milk, butter","Sweet"
"Chocolate Milkshake Pops","1 1/2 cups milk, 1/2 cup heavy cream, chocolate syrup, candy sprinkles","Mix the milk and heavy cream together., Add in chocolate syrup. Use as much chocolate syrup as you would to make chocolate milk. This is to your own taste., Stir the milk mixture very well., In an ice-pop mold, fill each cup with enough sprinkles to cover the bottom., Now, pour a little chocolate syrup into the bottom of each ice-pop mold cup. You should not see the sprinkles now., Pour the milk mixture into each mold cup., Freeze for 6 hours., Enjoy!","heavy cream, sprinkles, chocolate syrup, milk","Sweet"
"Ham Roll-Ups","2-1/2 cups all-purpose flour, 4 teaspoons baking powder, 1/2 teaspoon salt, 1/3 cup shortening, 1 cup whole milk, 3 cups cubed fully cooked ham (1/4-inch pieces), 1/2 cup finely chopped onion, 2 teaspoons ground mustard, 2 teaspoons butter, 2 teaspoons all-purpose flour, 1/2 cup whole milk, 1 teaspoon steak sauce, 1 teaspoon ground mustard, 1/2 teaspoon salt, 1/8 teaspoon pepper, 2 cups shredded cheddar cheese","In a bowl, combine flour, baking powder and salt. Cut in the shortening until mixture resembles coarse crumbs. Add milk all at once and stir just until moistened., Turn onto well-floured surface and knead gently 8-10 times. Roll into a 12x11-in. rectangle. In a bowl, combine the ham, onion and mustard; sprinkle over dough. Beginning with a long side, roll-up jelly-roll style. Cut into 1-in. slices and place, cut side down, 2 in. apart on a greased, . Bake at 400\u00b0 for 12-15 minutes or until golden brown., For sauce, melt butter in a saucepan over medium heat. Stir in flour until smooth; gradually add milk. Cook and stir until thickened. Add steak sauce, mustard, salt, pepper and cheese. Stir until melted. Serve with roll-ups.","baking powder, pepper, steak sauce, shortening, cheddar cheese, onion, ham, flour, milk, ground mustard, butter, salt","Savory"
"Reuben Dip","1 small can sauerkraut, drained and chopped up, 3 pkg. Buddig corned beef slices, chopped up, 8 oz. shredded Swiss cheese, about 1/2 c. mayonnaise","Mix everything well, adding additional mayo if not well moistened. Place in shallow baking dish and bake at 350\u00b0 until hot and edges bubble. Serve on mini pumpernickel rye bread slices.","mayonnaise, swiss cheese, beef slices, sauerkraut","Savory"
"Tex-Mex Chicken Bites(Microwave)","1 lb. skinless, boneless chicken breast halves or turkey breast tenderloin steaks, 1/4 c. cornmeal, 1 tsp. chili powder, 1/2 tsp. paprika, 1/2 tsp. ground red pepper, 1/4 tsp. salt, 2 Tbsp. butter or margarine, shredded iceberg lettuce (optional), 1/2 c. mild salsa or plain low-fat yogurt","In a 12 x 7 1/2 x 2-inch microwave-safe baking dish, place poultry; cover with microwave-safe plastic wrap and turn back one corner to vent., Cook on High for 3 minutes., Turn poultry pieces over and rearrange by moving the outside pieces to the center of dish., Cook, covered, on High for 3 to 4 minutes more or until poultry is tender and no longer pink.","ground red pepper, chili powder, salsa, skinless, cornmeal, paprika, butter, salt","Savory"
"Hot Artichoke Dip","1 can artichoke hearts, finely chopped, 1 c. mayonnaise, 1 c. Parmesan cheese, 1/2 tsp. cayenne pepper","Mix all ingredients thoroughly and bake in greased casserole dish at 350\u00b0 for 30 minutes., Serve with crackers.","cayenne pepper, mayonnaise, parmesan cheese, hearts","Savory"
"Smoked Salmon Quesadillas With Creamy Chipotle Sauce","1/2 cup creme fraiche or sour cream, 2 tablespoons minced chipotle peppers in adobo sauce, 2 tablespoons lime juice, 1/8 teaspoon salt, 1/8 teaspoon pepper, 1/4 cup cream cheese, softened, 2 ounces fresh goat cheese, 3 flour tortillas (8 inches), 3 ounces smoked salmon or lox, chopped, 1/4 cup finely chopped shallots, 1/4 cup finely chopped roasted sweet red pepper, Coarsely chopped fresh cilantro","In a small bowl, mix the first 5 ingredients. In another bowl, mix cream cheese and goat cheese until blended; spread over tortillas. Top half side of each with the salmon, shallots and red pepper; fold over., Place quesadillas on a greased griddle. Cook over medium heat until lightly browned and cheeses are melted, 1-2 minutes on each side. Serve with sauce; top with cilantro.","pepper, goat cheese, flour tortillas, salmon, peppers, cream cheese, shallots, lime juice, creme fraiche, roasted sweet red pepper, fresh cilantro, salt","Savory"
"Coconut Macaroons","2 egg whites, 3/4 c. sugar, 1/4 tsp. salt, 1/2 tsp. vanilla, 1 1/3 c. coconut or 1 1/3 c. dates and nuts","Beat egg whites until stiff., Add sugar gradually while beating constantly., Fold in salt, vanilla and coconut., Drop by spoonfuls on greased cookie sheet., Bake in preheated 275\u00b0 oven for 20 to 25 minutes., Remove from cookie sheet immediately.","sugar, vanilla, egg whites, coconut, salt","Sweet"
"Pagash -- Pierogi Pizza -- Polish Pizza","2 prepared pizza crust, unbaked (either storebought or your own recipe), 3 cups mashed potatoes (either leftover or reconstituted instant mashed potatoes are fine), 1 large onion, peeled and diced, 1/2 cup butter or 1/2 cup margarine, 8 ounces cheddar cheese, grated, 8 ounces provolone cheese, grated, 8 ounces mozzarella cheese, grated (mix with provolone cheese)","Saute onion in butter or margarine until translucent and golden; stir into mashed potatoes along with cheddar cheese., Refrigerate to let flavors meld., Preheat oven to 400\u00b0F., Spread pizza crusts with potato mixture., Top with Provolone and Mozzarella cheese mixture and bake until shells are baked and cheese is melted.","potatoes, provolone cheese, mozzarella cheese, cheddar cheese, onion, butter, pizza crust","Savory"
"Old Country Quiche","1 prepared pie crust, 1 teaspoon unsalted butter or 1 teaspoon margarine, 1/2 cup onion, chopped, 2 cups swiss cheese, shredded, 6 slices lean bacon, cooked and crumbled, 2 tablespoons flour, 3 large eggs, 1 cup 1% low-fat milk, 1/4 teaspoon salt, 1/8 teaspoon ground nutmeg","Preheat oven to 400 degrees. Line a 9 inch quiche dish with the pastry and flute the edges. Fill with dry beans and bake for 15 minutes or until light brown. Discard the beans and cool on a rack., Meanwhile, in a 6 inch nonstick skillet, melt the butter over moderately high heat. Add the onion and saute for 5 minutes or until soft and then transfer to a medium size bowl. Toss with the cheese, bacon and flour. Spread in the pie crust., In the same bowl, whisk the eggs with the milk, salt and nutmeg. Pour over the pie mixture and bake, uncovered for 35 minutes or until the center is set.","lean bacon, salt, eggs, ground nutmeg, swiss cheese, onion, crust, flour, milk, unsalted butter","Savory"
"Spanish Pork Burgers","1 tablespoon extra virgin olive oil, 3 cups thinly sliced Spanish onions, 3/4 teaspoon fresh ground pepper, divided, 1/4 teaspoon salt, divided, 1 lb ground lean pork, 1 tablespoon finely chopped spanish green olives (such as Manzanilla), 2 teaspoons minced garlic, 2 teaspoons pimientos, de la vera or 2 teaspoons Hungarian paprika, 1/4 cup reduced-fat mayonnaise, 2 teaspoons freshly grated lemon zest, 1 tablespoon lemon juice, 1 pinch saffron, 1/4 cup shredded manchego cheese or 1/4 cup monterey jack cheese, 4 whole wheat hamburger buns, toasted, 2 whole jarred piquillo peppers or 2 jarred pimientos, halved lengthwise","Heat oil in a large skillet over medium heat., Add onion, 1/4 teaspoon pepper and 1/8 teaspoon salt., Cover and cook, stirring occasionally, until soft and translucent, about 10 to 15 minutes., Set aside half the onion for topping; finely chop the other half., Preheat grill to medium., Place the chopped onion in a large bowl; add pork, olives, garlic, paprika, the remaining 1/2 teaspoon pepper and 1/8 teaspoon salt., Gently combine, without overmixing, until evenly incorporated; form into 4 equal patties, about 1/2 inch thick., Combine mayonnaise, lemon zest, lemon juice and saffron in a small bowl., Oil the grill rack., Grill the burgers, turning once, until an instant-read thermometer inserted in the center registers 165\u00b0F, 10 to 12 minutes total., Top with cheese and cook until it is melted, about 1 minute more., Assemble the burgers on toasted buns with the lemon-saffron mayonnaise, some of the reserved onions and a half a Piquillo (or pimiento) pepper., .","fresh ground pepper, lemon juice, extra virgin olive oil, garlic, saffron, ground lean pork, pimientos, manchego cheese, peppers, onions, mayonnaise, whole wheat hamburger buns, freshly grated lemon zest, spanish green olives, salt","Savory"
"Bagel Snack","bagels, cream cheese, butter, sardines, sharp cheese","Cut bagel in half., Heat both halves., Spread with butter, cream cheese and sardines., Serve with thin slices of sharp cheese.","bagels, cream cheese, cheese, sardines, butter","Savory"
"Maple Shortbread Cookies - Rolled Version","1 cup unsalted butter, room temperature, 1/2 cup maple sugar, 1/4 cup white sugar, 1 teaspoon salt, omit if using salted butter, 1 teaspoon vanilla extract, 1/4 teaspoon maple extract, 2 1/2 cups all-purpose flour, 2 tablespoons maple sugar, for topping","Beat the butter with the sugars, salt, vanilla and maple extract, until well blended., Beat in the flour to form a smooth dough. The dough will be crumbly at first, but will come together as it's mixed., Divide the dough in half, pat each half into a disk, wrap well and chill for about an hour., Preheat oven to 350*F. Line 2 baking sheets with parchment paper, or grease lightly., Sprinkle the dough and your work surface lightly with flour., Roll the dough till it's a scant 1/4\ thick., Cut cookies with a cutter and place on the prepared baking sheets. Sprinkle with the extra maple sugar., Bake for 10 - 12 minutes or until lightly browned., Let sit on the baking sheet for several minutes before moving to a rack to cool completely.","vanilla, unsalted butter, flour, maple, white sugar, maple sugar, salt","Sweet"
"Hamburger Dip","1 lb. ground beef, 1/2 c. chopped onion, 1 tsp. garlic salt, 1/2 c. catsup, 1 (8 oz.) can tomato sauce, 3/4 tsp. oregano, 1 tsp. sugar, 1 (8 oz.) pkg. cream cheese, 1/3 c. Parmesan cheese","Brown beef, onion and garlic salt., Pour off fat., Add next 4 ingredients., Cover and simmer for 10 minutes., Remove from heat. Stir in cheeses., Stir until cheese is melted., Serve warm on crackers or taco chips.","oregano, sugar, garlic salt, parmesan cheese, onion, cream cheese, catsup, ground beef, tomato sauce","Savory"
"Blondie Sundaes With Fried Walnuts And Candied Fennel","Nonstick vegetable oil spray, 1 1/3 cups buckwheat flour, 1/3 cup almond flour or meal, 1 teaspoon kosher salt, 1 cup (2 sticks) unsalted butter, 3/4 cup sugar, 5 large egg yolks, 1 large egg, 1 cup raw walnuts, 1 cup sugar, 1 large fennel bulb, fronds reserved, bulb cored, thinly sliced, Zest from 1 lemon, removed in wide strips, 1 vanilla bean, split lengthwise, Vegetable oil (for frying; about 4 cups), 2/3 cup powdered sugar, 2 pints vanilla gelato or ice cream, 1 pint ground cherries or cape gooseberries, husks removed, rinsed, halved (optional), A deep-fry thermometer","Preheat oven to 325\u00b0F. Lightly coat a 13x9\ baking dish with nonstick spray. Whisk buckwheat flour, almond flour, and salt in a medium bowl to combine., Cook butter in a medium saucepan over medium-low heat, stirring often, until it foams, then browns, 5-8 minutes. Transfer to a large bowl; let cool slightly. Add sugar and whisk until smooth. Whisking constantly, add egg yolks one at a time followed by whole egg, beating after each addition to fully incorporate before adding more. Add dry ingredients and mix until smooth. Scrape batter into prepared dish; smooth top., Bake blondies until lightly browned and center is firm when gently pressed, 15-20 minutes. Transfer dish to a wire rack and let cool. Cut into 16 bars., Preheat oven to 350\u00b0F. Toast walnuts on a rimmed baking sheet, tossing once, until golden brown, 5-8 minutes. Let cool slightly; place in a heatproof jar or airtight container., Heat sugar and 1 cup water in a medium saucepan over medium, stirring, until sugar dissolves. Let cool slightly; then pour over walnuts. Seal jar and let sit at least 12 hours and up to 1 day., Pour walnuts into a fine-mesh sieve set over a clean medium saucepan and let syrup drain into saucepan, tossing walnuts to shake off excess. Transfer walnuts to a medium bowl. Reserve sieve., Add sliced fennel and lemon zest to syrup; scrape in vanilla seeds and add pod. Bring to a simmer over low heat. Cook, stirring occasionally, until fennel is translucent and tender, 20-25 minutes. Discard pod; let fennel cool in syrup., Fit another medium saucepan with thermometer; pour in oil to come 2\ up sides of pan. Heat oil over medium-high until thermometer registers 350\u00b0F. Add powdered sugar to walnuts and toss to coat. Place in reserved sieve and shake off excess sugar. Carefully add walnuts to oil and cook, turning with a spider or slotted spoon to prevent sticking, until brown and crisp, about 3 minutes. Transfer to a parchment-lined rimmed baking sheet; let cool. Break up any clumps., Scoop gelato into bowls. Top with ground cherries, blondies broken into large pieces, walnuts, candied fennel, and fennel fronds., Blondies can be made 2 days ahead. Store tightly covered at room temperature., Walnuts can be fried 2 days ahead. Let cool; store airtight at room temperature. Fennel can be candied 2 days ahead. Let cool in syrup; transfer to an airtight container and chill.","egg yolks, egg, sugar, vanilla bean, powdered sugar, ground cherries, flour, vegetable oil, walnuts, vegetable oil spray, kosher salt, almond flour, vanilla gelato, thermometer, lemon, fennel bulb, butter","Sweet"
"Caramel-Pecan Frosting","1 cup chopped pecans, 1/2 cup butter, 1 cup light brown sugar, 1/3 cup buttermilk, 2 cups powdered sugar, 1/2 teaspoon vanilla extract, 1/4 teaspoon almond extract","Place chopped pecans in a single layer in a shallow pan., Bake at 350\u00b0 for 6 minutes or until lightly toasted., Bring butter and brown sugar to a boil in a 3 1/2-qt. saucepan over medium heat, whisking constantly (about 2 minutes). Remove from heat, and slowly whisk in buttermilk., Return mixture to heat, and bring to a boil. Pour into bowl of a heavy-duty electric stand mixer. Gradually add powdered sugar and vanilla and almond extracts, beating at medium-high speed until smooth (about 1 minute). Stir in pecans. Use immediately.","buttermilk, vanilla, light brown sugar, powdered sugar, pecans, almond extract, butter","Sweet"
"Crackerjacks","1/4 cup plus 2 tablespoons canola oil, 1/4 cup popcorn kernels, 1 cup salted roasted peanuts, 1/4 teaspoon ground cumin, 1/4 teaspoon ground cinnamon, 1/8 teaspoon sweet smoked paprika, Pinch of cayenne, 1 cup plus 2 tablespoons sugar, 1 1/2 teaspoons kosher salt","In a medium saucepan, heat 2 tablespoons of the oil until shimmering. Add the popcorn kernels, cover and shake the saucepan to coat the kernels with oil. Cook over moderate heat until the popping slows to several seconds between pops. Remove from the heat and wait 30 seconds, then pour the popcorn into a large bowl. Add the peanuts, cumin, cinnamon, paprika and cayenne and toss well to coat the popcorn., Line a baking sheet with parchment paper. In a medium saucepan, combine the remaining 1/4 cup of oil with the sugar, salt and 1/4 cup of water and bring to a boil, stirring to dissolve the sugar. Cook over moderately low heat, stirring occasionally, until a light amber caramel forms, about 10 minutes. Immediately pour the caramel over the popcorn and toss quickly with spoons to evenly coat the popcorn and peanuts. Spread the popcorn mixture on the baking sheet in an even layer and let cool completely. Break into bite-size pieces.","cayenne, ground cumin, sugar, popcorn kernels, canola oil, sweet smoked paprika, kosher salt, ground cinnamon, peanuts","Savory"
"Christmas Pizza","1 (12 ounce) package real milk chocolate chips (or dark, if you prefer), 1 lb white almond bark, cut into small (1-inch), 2 cups miniature marshmallows, 1 cup crisp rice cereal, 1 cup salted peanuts or 1 cup unsalted peanuts, 1 (6 ounce) jar red maraschino cherries, drained, and cut in half, 3 tablespoons green glazed cherries, drained and quartered, 1/3 cup angel flake coconut, 1 tablespoon oil","Microwave chips and 14 oz almond bark in a 2 qt microwave-safe bowl on HIGH for 2 minutes. Stir. Continue microwaving 1 to 2 minute or until smooth when stirred, stirring every 30 seconds., Stir in marshmallows, cereal and peanuts. Pour onto greased 12-inch pizza pan. Top with cherries; sprinkle with coconut., Microwave remaining 2 oz. almond bark and oil in a 1 cup measure for 1 minute and stir. Continue microwaving 30 seconds to 1 minute or until smooth when stirred, stirring every 15 seconds. Drizzle over coconut., Refrigerate until firm (usually 3+ hours). Store at room temperature. Cut into wedges. Makes about 12 large slices.","green glazed cherries, crisp rice cereal, oil, marshmallows, maraschino cherries, milk chocolate chips, angel flake coconut, white almond bark, peanuts","Sweet"
"Cowboy Cookies","2 c. flour, 1 tsp. soda, 1/2 tsp. salt, 1/2 tsp. baking powder, 1 c. shortening, 1 c. white sugar, 1 c. brown sugar, 2 well-beaten eggs, 2 c. quick rolled oats, 1 tsp. vanilla, 1 c. raisins, cooked and drained or 1 pkg. chocolate bits","Sift together dry ingredients; cream shortening and sugar. Add eggs, then stir all until crumbly., Make into small balls. Bake on greased pan 15 minutes at 350\u00b0., Flatten the balls with the bottom of a glass greased with butter and dipped in sugar.","baking powder, vanilla, shortening, brown sugar, eggs, soda, raisins, flour, white sugar, rolled oats, salt","Sweet"
"Roasted Sweet Potato Fries","4 sweet potatoes (cut into fries), 1 tablespoon McCormick's Montreal Brand steak seasoning (black pepper), salt, olive oil, to drizzle","preheat oven 350\u00b0F., place sweet potatoes on a baking tray in a single layer., drizzle with olive oil., sprinkle with montreal stake spice and salt., bake or 30-45 min (each oven varies a little)., turning once.","sweet potatoes, olive oil, black pepper, salt","Savory"
"Cookie Pizza","1/2 c. brown sugar, 1/4 c. granulated sugar, 1/2 c. butter, 1 tsp. vanilla, 1 egg, 1 1/4 c. flour, 1/2 tsp. soda, 1 pkg. chocolate chips, 1 c. whipped cream, M&M's, candy bars, chocolate chips","Mix the margarine, sugars, vanilla and egg., Stir in flour and soda., Stir in chocolate chips., Spread on an ungreased 12-inch pizza pan or cookie sheet., Bake for about 15 minutes, or until golden brown., Cool., Just before serving, put whipping cream on cookie., Sprinkle with walnuts, M&M's, chocolate chips, candy bars, etc., Refrigerate.","egg, vanilla, granulated sugar, brown sugar, soda, flour, whipped cream, chocolate chips, butter","Sweet"
"Whole Wheat-Banana Pancakes","1/2 c. all-purpose flour, 1/2 c. whole wheat flour, 2 tsp. baking powder, 1 Tbsp. sugar, 1/4 tsp. ground nutmeg, 2/3 to 3/4 c. skim milk, 1/2 c. mashed ripe banana (about 1 medium), 1 Tbsp. vegetable oil, 1 egg, lightly beaten","Combine first five ingredients in a large bowl; stir well. Combine milk and next three ingredients; add to dry ingredients, stirring until smooth., (Start with 2/3 cup milk and add more if necessary after all ingredients are combined.), Spoon about 1/4 cup batter onto a hot nonstick griddle or nonstick skillet., Turn pancakes when tops are covered with bubbles and edges look cooked. Makes approximately 9 (4 inch) pancakes.","egg, baking powder, sugar, mashed ripe banana, ground nutmeg, all-purpose, milk, whole wheat flour, vegetable oil","Sweet"
"Mrs. Barrett'S Sugar Cookies","1 c. sugar, 1 c. powdered sugar, packed, 2 sticks butter, 1 c. oil, 2 eggs, 5 c. plain flour, 1 Tbsp. baking soda, 1 Tbsp. cream of tartar, 2 tsp. vanilla","Preheat oven to 350\u00b0., Mix all ingredients together until smooth., Grease cookie sheets or use parchment paper., Bake 8 to 10 minutes, until lightly browned., Cookies are very light and will melt in your mouth.","oil, sugar, vanilla, eggs, powdered sugar, baking soda, flour, cream of tartar, butter","Sweet"
"Spiced Pear And Chocolate Bread Pudding","1 loaf French Bread, 2 whole Barlett Pears, 3 cups Milk, 2% Or More, 3 whole Eggs, 1 Tablespoon Vanilla Extract, 1/2 teaspoons Cinnamon, 1/4 teaspoons All Spice, 1 cup Sugar, 1 cup Chocolate Chips, Non-stick Spray","Preheat oven to 350F. Slice bread into 1/2 inch slices. Set aside., Halve and core two Bartlett pears. Slice thinly, into 1/4\ inch slices. Set aside., Spray a 13x9 inch baking dish with Pam baking spray. Into the pan, alternate one slice of bread stacked with two slices of pear. Repeat this process until all of the bread and pears are used. Overlap bread slices to ensure there are no gaps in pan., In a large bowl, whisk together milk, eggs, vanilla, cinnamon, all spice, and sugar. Pour entire mixture over the top of layered bread and pears., Top with cup of chocolate chips. Bake for 45 minutes, or until center of pudding is set. Scoop and serve warm.","bread, sugar, vanilla, eggs, cinnamon, \u00bc, spray, milk, chocolate chips","Sweet"
"Layered Nacho Dip","1 (16 oz.) can refried beans, 1/2 (1.25 oz.) pkg. taco seasoning mix, 1 (8 oz.) avocado dip, 1 (8 oz.) container sour cream, 1 (4 1/2 oz.) can chopped ripe olives, 2 large diced tomatoes, 1 small finely chopped onion, 1 (4 oz.) can chopped green chilies, 1 1/2 c. (6 oz.) shredded Monterey Jack or cheddar cheese","Combine beans and seasoning mix., Spread bean mixture in a 12 x 8 x 2-inch pan., Layer remaining ingredients in order listed. Serve with corn chips., Yield:, 8 cups.","green chilies, sour cream, tomatoes, cheddar cheese, onion, taco seasoning mix, beans, olives, avocado","Savory"
"Oatmeal Cranberry Cookies","1 cup melted butter, cooled, 1 cup dark brown sugar, 2/3 cup white sugar, 2 eggs, 1 1/2 tsp. vanilla, 1 cup flour, 1/2 tsp. salt, 1 tsp. baking powder, 1 tsp. baking soda, 3 cups rolled oats, 1 1/2 cup dried cranberries, 1 cup walnuts, coarsely chopped and toasted (optional)","In a large bowl, thoroughly stir together butter and sugars. Beat in eggs and vanilla., , Add flour, salt, baking powder and baking soda. Mix well. Add oats, nuts and berries. Mix again., , Scoop dough onto cookie sheet lined with parchment paper. Flatten dough gently into thick rounds. Bake 8-10 minutes at 350 degrees. Cool cookies on paper on racks. For chewy cookies, cook a little less (until the edges look toasty but the tops still look pale and soft.)","baking powder, vanilla, brown sugar, eggs, baking soda, cranberries, flour, walnuts, white sugar, rolled oats, butter, salt","Sweet"
"Cardamom Butter Squares","cookies, 3 cups all-purpose flour, 1 teaspoon baking powder, 3/4 teaspoon salt, 1 1/2 teaspoons ground cardamom, 1/2 teaspoon ground cinnamon, 1/4 teaspoon ground allspice, 1 cup unsalted butter, softened, 1 1/4 cups granulated sugar, 2 large eggs, 1 teaspoon vanilla, icing for cookies, 1 teaspoon instant espresso powder, 1 teaspoon vanilla, 1 1/2 - 2 tablespoons milk, 1 cup confectioners' sugar, 3 ounces bittersweet chocolate, melted","Make cookies:, Whisk together flour, baking powder, salt, cardamom, cinnamon, and allspice in a bowl., Beat together butter and sugar in a large bowl with an electric mixer at medium-high speed until pale and fluffy, about 2 minutes in a stand mixer (preferably fitted with paddle attachment) or 4 minutes with a handheld. Beat in eggs and vanilla. Reduce speed to low, then mix in flour mixture until just combined., Form dough into 2 (12-inch) logs (1 1/2 inches in diameter), each on its own sheet of plastic wrap. Use plastic wrap and your hands to roll, press, and square off sides of logs. Chill logs on a baking sheet until slightly firm, about 1 hour, then smooth logs with plastic wrap and flat side of a ruler to achieve straight sides. Chill logs on baking sheet until firm, about 1 hour., Put oven racks in upper and lower thirds of oven and preheat oven to 350\u00b0F., Cut enough scant 1/4-inch-thick slices from a log with a knife to fill 2 large ungreased baking sheets, arranging slices about 1 inch apart (chill remaining dough, wrapped in plastic wrap)., Bake cookies, switching position of sheets halfway through baking, until edges are golden, 10 to 12 minutes total. Cool on sheets 3 minutes, then transfer to racks to cool completely. Make more cookies with remaining dough on cooled baking sheets., To make Icing for cookies:, Whisk together espresso powder, vanilla, and 1 1/2 tablespoons milk until espresso powder is dissolved, then add confectioners sugar and enough additional milk to make a thick but pourable icing. Spoon into a sealable bag and snip 1/8 inch off a bottom corner., Spoon melted chocolate into another sealable bag and snip 1/8 inch off a bottom corner., Pipe some espresso icing and chocolate over each cookie and let cookies stand on racks until icing sets, about 2 hours., Cooks' notes:,  Dough logs can be chilled 5 days or frozen, wrapped in a double layer of plastic wrap, 1 month (thaw in refrigerator just until they can be sliced).,  Cookies (with or without icing) keep, layered between sheets of wax paper or parchment, in an airtight container at room temperature 1 week.","baking powder, sugar, vanilla, unsalted butter, bittersweet chocolate, cookies, eggs, espresso powder, all-purpose, ground cardamom, ground allspice, milk, ground cinnamon, salt","Sweet"
"Golden Milk Smoothie","1 banana, chopped, Big spoonful almond butter, Pinky's worth fresh ginger, peeled and chopped, Thumb's worth fresh turmeric, peeled and chopped, Several grinds fresh black pepper, Pinch ground cayenne, 1/2 cup almond milk, plus more as needed, 1/2 cup coconut milk, plus more as needed","Combine the banana, almond butter, ginger, turmeric, and spices in a small plastic bag. Freeze for at least 8 hours or up to several weeks., When you're smoothie-ready, add the almond milk to the blender, then the smoothie kit. Pulse until as smooth as possible, scraping every so often. Add the coconut milk and blend until smooth, supplementing with more of either milk if necessary.","ground cayenne, ginger, spoonful almond butter, coconut milk, fresh black pepper, almond milk, turmeric, banana","Sweet"
"Rozky(Nut Horns)","1 lb. butter, 2 Tbsp. lard or Crisco, 6 c. flour, 1/2 tsp. salt, 1/2 c. lukewarm milk, 2 Tbsp. sugar, 2 small cakes yeast, 3 whole eggs, 5 egg whites","Take flour, sugar and salt., Work butter into flour mixture with fingers., Crumble yeast into warm milk., Add yolks with yeast mixture to flour., Work together until dough sticks firm., Place in refrigerator overnight. When ready to roll dough 1/4 inch thick spread filling, roll up dough and shape into crescent., Bake at 350\u00b0 for 15 to 20 minutes., Dust with powdered sugar.","sugar, eggs, lard, egg whites, flour, milk, cakes yeast, butter, salt","Savory"
"Escalloped Potatoes","8 or 10 medium sized potatoes, 1 medium onion, sliced thin, 5 tsp. butter, 2 Tbsp. flour, 2 to 3 c. rich milk, 1 1/2 tsp. salt, 1/3 tsp. pepper, 1 Tbsp. parsley leaves, wieners, ham or bacon may be added if desired","Steam thinly sliced potatoes 10 minutes., Bring milk to a boil, and thicken slightly., Mix ingredients altogether and pour in a greased casserole., Bake covered 1 to 1 1/2 hours at 400\u00b0. During, last, 5, or, 10 minutes of baking, place cheese slices on top and bake only until cheese is melted.","potatoes, pepper, wieners, onion, flour, parsley, milk, butter, salt","Savory"
"Chicken Asparagus Penne Pasta","1 pound Chicken Tenders, 1 packet Zesty Italian Dressing Mix - Dry, 14.5 ounces box of Dreamfield's Penne Pasta, 2 tablespoons Extra Virgin Olive Oil, 3 Garlic Cloves, minced, 1 pound Asparagus, trimmed and chopped into 1\ pieces, 3 cups Cherry Tomatoes, 1/2 cup fresh chopped Celery, 1/2 cup finely chopped Onion, 1/2 cup Chicken Stock, 1/2 cup Pasta Water, 2 tablespoons White Balsamic Vinegar, 1 small can sliced Black Olives, 1 small can sliced green olives (or sub capers), 2 cups fresh grated Parmigiano-Reggiano Cheese, 4 tablespoons fresh chopped Basil, 2 tablespoons fresh cracked Pepper","Cook pasta according to directions. Reserve 1/2 cup pasta water for later., Grill chicken tenders in 1 Tbsp. olive oil and season with 1 Tbsp. of the italian dressing mix. Save the rest of the dressing mix for later., Saute' garlic and asparagus pieces in 1 Tbsp. olive oil until asparagus is slightly tender. Add tomatoes and stir over medium high heat for 2 minutes. Add all sauteed ingredients to pasta., Add all other ingredients, except for 1/4 cup cheese and basil to pasta. Mix thoroughly. Salt to taste. When ready to serve, sprinkle with basil and remaining cheese. Serve warm or chill before serving. Your choice.","green olives, pasta, fresh chopped celery, white balsamic vinegar, onion, fresh cracked pepper, basil, cherry tomatoes, black olives, cheese, italian dressing mix, pasta water, garlic, chicken, olive oil","Savory"
"Taco Salad","1 head lettuce, cut fine, 3 chopped tomatoes, 1 large sweet onion, sliced in rings, 1 (15 oz.) kidney beans, drained and rinsed, 1 1/2 lb. ground beef, browned and drain on paper towel, 1 bag taco flavored chips, 1 (8 oz.) pkg. shredded Cheddar cheese, 1 (8 oz.) Russian dressing","Mix vegetables together., Add chips, cheese and dressing at serving time.","head lettuce, kidney beans, sweet onion, tomatoes, dressing, taco, cheddar cheese, ground beef","Savory"
"Almond Green Beans","1 lb. fresh, frozen or home-canned green beans, 1/2 c. slivered almonds or large pieces, 1/2 tsp. sea salt, 3 Tbsp. extra virgin olive oil, 2 tsp. oat flour, 1/2 c. plain yogurt, sour cream or mashed tofu, 1 tsp. garlic-herb seasoning","Simmer green beans in salted water to cover for 15 minutes. Saute almonds in 1 tablespoon oil until lightly browned; remove. Add rest of oil to pan., Add flour to thicken., Stir constantly. Add yogurt., Mix until smooth., Cook until thickened., Add drained beans., Add other ingredients., Serve.","extra virgin olive oil, flour, plain yogurt, green beans, almonds, garlic, salt","Savory"
"Taco Biscuit Bites","1/4 cup commercial taco sauce, 1/4 cup milk, 1/2 teaspoon dried onion flakes, 2 cups biscuit mix, 2 teaspoons butter or 2 teaspoons margarine, melted, 2 tablespoons grated parmesan cheese","Combine first 3 ingredients in a large bowl; let stand 5 minutes., Add biscuit mix, stirring just until dry ingredients are moistened., Turn dough out onto a lightly floured surface, and knead 4 or 5 times., Roll dough to 1/2-inch thickness; cut with a 1 1/2-inch biscuit cutter (or you can use a jar lid)., Place on a lightly greased baking sheet., Brush tops with butter, and sprinkle with Parmesan cheese., Bake at 450* for 8 to 10 minutes or until lightly browned., Serve immediately., Yield: about 1 1/2 dozen Note: Dough may be chilled 2 hours before baking, if desired., Enjoy!","biscuit mix, parmesan cheese, taco sauce, onion flakes, milk, butter","Savory"
"Philadelphia Cheese Ball","8 oz. Cheddar cheese, 8 oz. cream cheese, 2 tsp. onion, minced, 2 tsp. green pepper, chopped fine, 1 tsp. lemon juice, 1 tsp. Worcestershire sauce","Blend all ingredients together and form into a ball., Can be topped with nuts.","lemon juice, cheddar cheese, onion, worcestershire sauce, cream cheese, green pepper","Savory"
"Divinity","1 1/2 c. sugar, 1/2 c. light corn syrup, 1/4 c. hot water, 1/2 tsp. white vinegar, few drops food coloring (if desired), 1 stiffly beaten egg white, 1/2 tsp. vanilla, 1/2 c. broken nut meats","Combine the first 5 ingredients., Cover; place over moderate heat., Heat to boiling., Remove cover after 5 minutes., Cook to very hard ball stage (260\u00b0)., Remove from heat., Cool slightly. Add gradually to stiffly beaten egg white, beating constantly until very stiff., Let cool, stirring occasionally., Stir in vanilla and nuts., Drop from buttered teaspoon onto cookie sheet.","egg white, light corn syrup, sugar, vanilla, hot water, white vinegar, coloring, broken nut meats","Sweet"
"Peppermint Schnapps","3 1/2 c. sugar, 11 1/2 cups water, 1 pt. 90 proof alcohol, 1/3 oz. peppermint extract, green food coloring (if desired)","Boil sugar and water until clear., Add 90 proof alcohol and peppermint extract., Use food coloring, if desired.","green food coloring, sugar, peppermint, water, alcohol","Sweet"
"Raspberry And Coconut Bread","1 1/3 cups butter, chopped, at room temperature, 1 cup sugar, None None finely grated zest 1 lemon, 2 large eggs, 6 cups all purpose flour, 2 tsp baking powder, 3/4 cup shredded coconut, 1/4 cup buttermilk, 1 cup frozen raspberries, None None mascarpone and raspberries, to serve","Preheat oven to 325\u00b0F. Lightly grease and line a 4 x 10 inch loaf pan with parchment paper., In a bowl, using an electric mixer, beat butter and sugar together until creamy. Beat in lemon zest. Add eggs, one at a time, beating well after each addition., Sift flour and baking powder together. Fold flour into creamed mixture alternately with coconut and buttermilk, beginning and ending with flour mixture., Gently stir in raspberries. Spoon into prepared pan and smooth out the top., Bake for 50 - 65 mins or until a skewer inserted into center comes out clean. Cool in pan., Once cool remove from the pan and slice and serve. Or toast slices and top with mascarpone and raspberries.","buttermilk, sugar, baking powder, shredded coconut, frozen raspberries, mascarpone, eggs, flour, lemon, butter","Sweet"
"Popcorn Balls","1 cup white sugar, 1/3 cup light corn syrup, 1/4 cup margarine, 1/3 cup water, 1/2 teaspoon salt, 1 teaspoon vanilla, 2 quarts popped popcorn","Keep popcorn warm in 250 degree oven., Cook first five ingredients over medium heat, stirring constantly until mixture comes to a boil., Continue cooking without stirring until mixture reaches 270 degrees on a candy thermometer or until a small amount dropped into very cold water separates into hard threads., Add vanilla and stir., Pour mixture over popped corn, mixing with a fork., When cool enough to handle but still quite warm, form into balls.","light corn syrup, vanilla, water, margarine, white sugar, popcorn, salt","Savory"
"Applesauce Bran Muffins(Makes 1 Dozen)","1 1/2 c. all-bran, 1 1/2 c. applesauce, 1 egg, 1/4 c. oil, 1/4 c. brown sugar, 1 1/2 c. flour, 1 Tbsp. baking powder, 1 tsp. cinnamon, 1/2 c. raisins (if desired)","Beat egg., Add applesauce and oil., Mix in all-bran., Stir in remaining ingredients., Spoon into oiled muffin tins., Bake at 400\u00b0 for 15 to 18 minutes., (Very moist.)","oil, all-bran, egg, baking powder, brown sugar, cinnamon, applesauce, raisins, flour","Sweet"
"Deluxe Pecan Pie","3 eggs, 1 c. Karo dark corn syrup, 1 c. sugar, 2 Tbsp. margarine, melted, 1 tsp. vanilla, 1/8 tsp. salt, 1 c. pecan halves, 1 unbaked 9-inch pastry shell","In medium bowl, beat eggs slightly., Beat in next 5 ingredients., Stir in pecans., Pour into pastry shell., Bake in 350\u00b0 oven 55 minutes or until knife inserted halfway between center and edges comes out clean., Cool., Serves 8.","sugar, vanilla, corn syrup, eggs, pastry shell, pecan halves, margarine, salt","Sweet"
"Honey Baked Chicken Wings","1 lb. chicken wings, 2 Tbsp. vegetable oil, 1/2 c. soy sauce, 2 Tbsp. ketchup, 1 c. honey, 1 garlic clove, chopped","Cut off tips of chicken., Cut wings into two sections at joint, season with salt and pepper., Mix together remaining ingredients until well blended. Place chicken in baking dish, top with sauce and cover., Refrigerate 8 hours.","soy sauce, vegetable oil, chicken, ketchup, garlic, honey","Savory"
"Cheesy Veggies","20 oz. mixed frozen vegetables, 1 c. shredded Cheddar cheese, 8 oz. sour cream, 1 1/2 sticks butter, 1 roll Ritz crackers, 1 small onion (to taste), 1 Tbsp. flour","Saute onion in 1/2 stick butter., Add 1 tablespoon of flour. Mix vegetables, cheese, sour cream and sauteed onion.","sour cream, cheddar cheese, onion, flour, vegetables, roll, butter","Savory"
"Bbq'D Garlic Bread","1/2 lb butter, softened, 4 cloves garlic, crushed, 2 tablespoons mixed herbs (oregano,thyme, basil, marjoram or dill or 6tbsp dried mixed herbs, your choice of favorites), 1/2 teaspoon paprika, 1 (1 lb) loaf French bread or (1 lb) loaf sourdough bread","Combine all the ingredients., Slash the bread almost to the bottom but not quite into 1\ slices., Spread the butter between the slices., Press the loaf closed and wrap tightly in foil., BBQ apprx 6' above the heat source for 25 minutes, approximately turn several times while cooking For the other breads just follow base instructions.","bread, mixed herbs, paprika, garlic, butter","Savory"
"Fudge","4 c. sugar, 1 1/2 c. whole milk, 1/4 tsp. cream of tartar, 4 sq. chocolate, 4 Tbsp. butter, 1/8 tsp. salt, 1 tsp. vanilla","Place chocolate and milk in a heavy saucepan., Cook and stir over very low heat until blended., Add sugar and salt; stir over medium heat and heat to a boil., Continue boiling, without stirring, until a little forms, a soft ball in cold water (or to 234\u00b0)., Remove from heat., Add butter and vanilla; cool to lukewarm (110\u00b0)., Then beat until mixture holds its shape., Pour at once into buttered 8 x 8-inch pan., Cut when cold.","sugar, vanilla, chocolate, cream of tartar, milk, butter, salt","Sweet"
